{
  "name": [
    {
      "x": 217.4179634409178,
      "y": 174.74999271874992,
      "width": 3.627685378846436,
      "height": 0.74999996875,
      "fontName": "g_d0_f5",
      "page": 0
    }
  ],
  "birthdate": [
    {
      "x": 217.4179634409178,
      "y": 193.4999919375,
      "width": 4.876830824298706,
      "height": 0.74999996875,
      "fontName": "g_d0_f5",
      "page": 0
    }
  ],
  "address": [
    {
      "x": 217.4179634409178,
      "y": 212.24999115624996,
      "width": 4.545043730623169,
      "height": 0.74999996875,
      "fontName": "g_d0_f5",
      "page": 0
    }
  ],
  "uid_stnr": [
    {
      "x": 217.4179634409178,
      "y": 230.99999037500004,
      "width": 4.627074977205201,
      "height": 0.74999996875,
      "fontName": "g_d0_f5",
      "page": 0
    }
  ],
  "phone_email": [
    {
      "x": 217.4179634409178,
      "y": 249.74998959375,
      "width": 6.253051464456177,
      "height": 0.74999996875,
      "fontName": "g_d0_f5",
      "page": 0
    }
  ],
  "city_date_customer": [
    {
      "x": 435.3281068613281,
      "y": 658.4999725624999,
      "width": 8.713256426947632,
      "height": 0.74999996875,
      "fontName": "g_d0_f5",
      "page": 0
    }
  ],
  "signature": [
    {
      "x": 437.15623178515625,
      "y": 696.74997096875,
      "width": 5.04418921482544,
      "height": 0.74999996875,
      "fontName": "g_d0_f5",
      "page": 0
    }
  ],
  "signature_name": [
    {
      "x": 435.9726418344725,
      "y": 735.74996934375,
      "width": 7.420531880811159,
      "height": 0.74999996875,
      "fontName": "g_d0_f5",
      "page": 0
    }
  ]
}